iter	MultiClass
0	1.76109867
1	1.733202881
2	1.705452521
3	1.679193543
4	1.653901015
5	1.629537151
6	1.606188843
7	1.586099488
8	1.563647499

